tweets,Sentiment
rt smtown_idn selamat ulang tahun ryeowook bahagia birthday ryeowook bahagia ya oleh oleh oleh ke day ya oleh oleh oleh ke untuk per untuk dan oleh sjofficial,Netral
rt giveaway receh saldo shopeepay buat orang rep saja ht ryeowook bahagia birthday ryeowook bahagia ryeowo,Netral
resistance band panjang power band karet fitness gym yoga stretch yellow xs di tokopedia bisa bebas ongkos kirim lho junction concept photo kami kings are back bpjskesehatan dan tzen selca day indonesia negara besar bahagia birthday ryeowook,Netral
coba cek ini deh sepatu eagle orbit hitam abu badminton shoes di toko eagle official store tokopedia bisa bebas ongkos kirim lho bahagia birthday ryeowook lee jeno we love you audio snippet out now per melayani kim seon ho siwon,Positive
coba cek ini deh deli memo tempel sticky notes warna pastel random di toko deli stationery tag junction concept photo kami kings are back bpjskesehatan dan tzen selca day indonesia negara besar bahagia birthday ryeowook,Negative
rt hanamiazura yey ketemu sama sayang di st krl bahagia birthday ryeowook bahagia ryeowook day sjofficial ya,Netral
rt bahagia birthday selamat ulang tahun ads from solo balapan dan sekali terimakasih kak dan tim pr,Netral
rt woonpoutykim tidak ada uang bosennya ngucapin bahagia birthday bahagia birthday kim ryeowook bahagia ryeowook day one and only ke,Netral
rt syahraniclouds led ads wajah orang ganteng bin imut tiada duanya stasiun gubeng lama sby luiccsa lia_kairos yes_un,Netral
rt syahraniclouds stasiun gubeng baru sby luiccsa lia_kairos yes_ung_love amelbodor racunelfmy bahagia birthday ryeowoo,Netral
rt rwkgiraffe penutupan malam di stasiun juanda bahagia birthday ryeowook bahagia ryeo wook day sjofficial th,Netral
rt teukyugi karena kebetulan ada di stasiun dekat rumah jadi aku sempetin buat lihat ads ini bahagia birthday ryeowook,Netral
rt gaemcaca bahagia birthday ryeowookbs lihat di sepanjang st bandung sekalian ngajak sepupu naik kereta terima kasih kakak sudah adain ini project yang,Netral
bahagia birthday oppa ryeowook selamat ulang tahun oppa ryeowook saengil chuka hamnida oppa ryeowook,Netral
rt mykkuruu hbd dedek oppaku sudah tahun berasa hendak remaja masjid awet muda sangat tidak kayak hamba yang belum kepala saja be,Netral
rt giveaway ryeowook birthday saldo spay dana masing-masing buat orang rt like replay ucapan doa boleh dikasih,Netral
bahagia birthday ryeowookbs lihat di sepanjang st bandung sekalian ngajak sepupu naik kereta terima kasih kakak sudah adain ini project yang selalu amelbodor yes_ung_love luiccsa racunelfmy bahagia ryeo wook day sjofficial,Netral
inget tanggal ulang tahun pak jokowi soalnya barengan sama ryeowook wkwkwkwkwk bahagia birthday to both of you jokowi,Netral
karena kebetulan ada di stasiun dekat rumah jadi aku sempetin buat lihat ads ini bahagia birthday ryeowook bahagia ryeowook day sjofficial yes_ung_love luiccsa lia_kairos amelbodor racunelfmy,Netral
amelbodor bahagia birthday ryeowook semoga karirnya makin sukses dijauhkan dari rumor buruk selalu jaga kesehatan dilancarkan segala urusannya sehat dan bahagia selalu yaa bahagia ryeowook day sjofficial,Netral
penutupan malam di stasiun juanda bahagia birthday ryeowook bahagia ryeo wook day sjofficial thank you so much kak dan team untuk event nya yes_ung_love luiccsa amelbodor lia_kairos racunelfmy,Positive
my eunkyuwook trio aa bahagia birthday ryeowook,Netral
rt dhaerabin aa seneng banget liatnya bahagia birthday ryeonggu love you boys bahagia birthday ryeowook bahagia ryeo,Positive
aa seneng banget liatnya bahagia birthday ryeonggu love you boys bahagia birthday ryeowook bahagia ryeowook day sjofficial,Positive
stasiun gubeng baru sby luiccsa lia_kairos yes_ung_love amelbodor racunelfmy bahagia birthday ryeowook bahagia ryeowook day sjofficial,Netral
led ads wajah orang ganteng bin imut tiada duanya stasiun gubeng lama sby luiccsa lia_kairos yes_ung_love amelbodor racunelfmy bahagia birthday ryeowook bahagia ryeowook day sjofficial,Netral
jangan lupa laik komen en subrek iya gess yaa bahagia birthday ryeowook bahagia ryeowook day,Netral
rt surume_sj bahagia birthday ryeowook bahagia ryeo wook day ya oleh oleh oleh ke untuk per untuk dan oleh super juniorfanart,Positive
tidak ada uang bosennya ngucapin bahagia birthday bahagia birthday kim ryeowook bahagia ryeowook day one and only ke ya oleh oleh oleh ke sjofficial kemarin moi tidak kerekam untung ini dapat yes_ung_love luiccsa lia_kairos amelbodor racunelfmy,Netral
bahagia birthday selamat ulang tahun ads from solo balapan dan sekali terimakasih kak dan tim projects birthday ryeowook sehat selalu untuk per untuk dan oleh bahagia ryeowook day,Netral
yey ketemu sama sayang di st krl bahagia birthday ryeowook bahagia ryeowook day sjofficial yes_ung_love luiccsa lia_kairos amelbodor racunelfmy,Netral
rt liaasrk di panggil ponakan tapi sudah om di panggil om tapi mukanya kayak bayik ya sudah panggil sayang saja dari pada pusing happ,Netral
bahagia birthday ryeowook tumben kelingkingnya tidak ngetrill,Netral
bahagia birthday sayang ryeowook sehat selalu yah ya oleh oleh oleh ke untuk per untuk dan oleh per per ya di ya,Netral
dedek kesayanganku bahagia birthday ryeowook bahagia ryeowook day sjofficial,Netral
flawlaah bahagia birthday kak ciyee ultahnya bareng ryeowook,Netral
di panggil ponakan tapi sudah om di panggil om tapi mukanya kayak bayik ya sudah panggil sayang saja dari pada pusing bahagia birthday ryeowook bahagia ya oleh oleh oleh ke day ya oleh oleh oleh ke untuk per untuk dan oleh sjofficial,Netral
manset hijab manset kaos dalaman lengan panjang polos bahan rayon warna lInK bahagia birthday ryeowook lee jeno we love you mufc shan day open mic with jay tidak ju-ne audio snippet out now,Positive
amelbodor bahagia birthday kim ryeowook sehat sehat iya wookie jangan sakit lagi hiks terus berkarya iya wookie bahagia ryeowook day,Netral
sjofficial bahagia birthday my starry night panjang umur sehat selalu apa yang kamu inginkan tercapai jaga kesehatan.terima kasih karena hadirmu buatku menjadi lebih berwarna bahagia birthday ryeowook bahagia ryeowook day sjofficial,Netral
bahagia birthday mas ryeowook si eternal maknae yang vocalnya tidak iya mas makin lancar dan sukses berkarirnya love untuk always bahagia ryeowook day ya oleh oleh oleh ke untuk per untuk dan oleh,Positive
belum terlambat ngucapin wkwkw enjoy your birthday ryeowook oppa enjoy your birthday bahagia birthday ryeowook bahagia ryeowook day sjofficial,Positive
parfum wanita perempuan lameila tahan lama import murah lInK junction concept photo kami kings are back oleh dan ya ya views caremate livex ke per per bahagia birthday ryeowook,Netral
bahagia birthday ryeowook si paling kiyowoo bahagia selalu yaa kamu sama ayangie bahagia ryeowook day sjofficial,Netral
rt ursweeth sjofficial bahagia birthday ryeowook si paling cute sukses selalu buat wookie tertawa,Positive
sjofficial bahagia birthday ryeowook si paling cute sukses selalu buat wookie bahagia ryeowook day sjofficial,Positive
sjofficial pakai foto dari sama bahagia birthday wookie panjang umur sehat selalu sukses selalu see you soon bahagia birthday ryeowook bahagia ryeowook day sjofficial,Netral
ryeowook ultahnya barengan sama pak jokowi bahagia birthday ryeowook bahagia ryeowook day sjofficial,Netral
selamat ulang tahun ryeowook bahagia birthday ryeowook bahagia ya oleh oleh oleh ke day ya oleh oleh oleh ke untuk per untuk dan oleh sjofficial,Netral
sjofficial bahagia birthday ryeowook semoga ryeowook makin sukses selalu sehat dan selalu bahagia aamiin bahagia ryeowook day sjofficial,Netral
sjofficial bahagia birthday dedek ryeonggu semoga selalu sehat bahagia makin sukses karirnya makin gemesin makin dicintai banyak orang bahagia birthday ryeowook bahagia ryeowook day sjofficial,Netral
bahagia birthday ryeowook semoga ryeowook makin sukses selalu sehat dan selalu bahagia aamiin bahagia ryeowook day sjofficial,Netral
bahagia birthday sayangg yaa pokonya yang terbaikk untuk per untuk dan oleh ya oleh oleh oleh ke bahagia ryewook day,Netral
bahagia birthday uri eternal maknae semoga sehat selalu bahagia selalu semoga langgeng sama mbak ari dan semoga yang terbaik menghampiri mu bahagia birthday ryeowook bahagia ryeowook day sjofficial,Netral
dens_oppa sjofficial bahagia birthday ryeowook oppa semoga sehat dan bahagia selalu,Netral
bahagia birthday ryeowook semoga karirnya makin sukses dijauhkan dari rumor buruk selalu jaga kesehatan dilancarkan segala urusannya sehat dan bahagia selalu yaa bahagia ryeowook day sjofficial,Netral
bahagia birthday ryeowook eternal maknae suju yang semakin tua tapi semakin gumusshh ya oleh oleh oleh ke bahagia ryeowook day ya oleh oleh oleh kday_nv untuk per untuk dan oleh day nv,Netral
rt ashadowmonster amelbodor semoga panjang umur sehat terus makin bahagia tambah banyak yang sayang ya oleh oleh oleh ke dijauhkan di,Netral
amelbodor semoga panjang umur sehat terus makin bahagia tambah banyak yang sayang ya oleh oleh oleh ke dijauhkan dari haters karirnya lancar sukses selalu dan tahun ini punya banyak job we love you bahagia birthday ryeowook bahagia ryeowook day sjofficial,Positive
sjofficial bahagia birthday ryeowook panjang umur sehat selalu menjadi pribadi idola yang baik sukses dengan karirnya dilancarkan rezeki job nya cepat nikah sama mbak ari tetap menjadi kebanggaan elf maupun member saja bahagia ryeowook day sjofficial,Netral
rt sapphpetals manis banget sih dedek bahagia birthday ryeowook bahagia ryeowook day sjofficial,Netral
bahagia birthday ryeowook panjang umur sehat selalu menjadi pribadi idola yang baik sukses dengan karirnya dilancarkan rezeki job nya biar cepat nikah sama mbak ari tetap menjadi kebanggaan elf maupun member saja bahagia ryeowook day,Netral
tidak punya tiktod tapi tetep aku drop bahagia birthday kim ryeowook my little prince you have the paling beautiful voice bahagia ryeowook day,Positive
done selamat ulang tahun oppa sayang bahagia birthday ryeowook bahagia ryeowook day sjofficial,Netral
terkejud ada video bday wookie di stasiun bahagia birthday ryeowook sjofficial,Netral
rt demi tidak merusak layout gemesh banget sihh anak magang label bahagia birthday ryeowook bahagia ryeowook,Netral
sjofficial bahagia birthday uri eternal maknae semoga sehat selalu bahagia selalu dan semoga yang terbaik menghampiri mu bahagia birthday ryeowook bahagia ryeowook day sjofficial,Netral
bahagia birthday juga kakk ihh barengan ryeowook,Netral
amelbodor bahagia birthday ryeowook semoga selalu selalu sehat dan bahagia karirnya makin sukses banyak yang sayang dan support dia apapun yang dia inginkan selalu dimudahkan banyak baik yang berdatangan kah dia aamiin bahagia ryeowook day,Netral
abang yeye kesayangan adek ryeonggu bahagia birthday ryeowook bahagia ryeowook day sjofficial,Netral
amelbodor bahagia birthday kami one and only ryeowook semoga karirnya semakin sukses tetap sehat dan selalu diliputi oleh kebahagiaan aamiin bahagia ryeowook day sjofficial,Netral
sjofficial bahagia birthday ryeowook semoga sehat selalu panjang umur selalu bahagia semoga selalu sukses terus dalam berkarir dan terimakasih untuk karya-karya mu we love you bahagia ryeowook day sjofficial,Positive
amelbodor bahagia birthday my beloved uri wangja terima kasih sudah jadi support sistem aku banget buat bertahan hidup sehat dan bahagia selalu iya dear ily tanpa batas bahagia birthday ryeowook bahagia ryeo wook day sjofficial,Positive
amelbodor bahagia birthday my little prince kim ryeowook thank you for everything and glad to know you since years ago terima kasih sudah jadi penyemangat ku buat aku bertahan terimakasih sudah hadir di saja love you bahagia ryeowook day sjofficial,Positive
sjofficial selamat bertambah umur iya bestie terimakasih sudah menemani hari hariku dengan suara indahmu semoga selalu dikelilingi kebaikan panjang umur dan sehat selalu bahagia birthday ryeowook bahagia ryeowook day sjofficial,Netral
amelbodor selamat ulang tahun ryeowook semoga selalu diberikan kesehatan dan kebahagiaan dijauhkan dari yang buruk dan semakin sukses bahagia birthday ryeowook bahagia ryeowook day sjofficial,Netral
amelbodor tetap sehat bahagia job lancar terus seperti pipa air rucika iya bahagia birthday ryeowook bahagia ryeowook day sjofficial,Netral
iya ampun disingkat gemes banget sih bahagia birthday ryeowook ya oleh oleh oleh ke bahagia ryeowook day,Netral
amelbodor selamat ulang tahun wookie si paling bocil mukanya kamu mah tidak pantes tua bahagia birthday ryeowook bahagia ryeowook day sjofficial,Netral
sjofficial bahagia birthday ryeowook sehat-sehat dan bahagia selalu lancar rejekinya dan segala urusannya all the best for you kami little prince bahagia ryeowook day sjofficial,Positive
ternyata kamu gemini juga pantesan ngeselin sama kaya aku bahagia birthday ryeowook bahagia ryeowook day sjofficial,Netral
rt elsaarizqi bahagia birthday ryeowook semoga sehat dan sukses selalu ya oleh oleh oleh ke untuk per untuk dan oleh per per ya di ya,Netral
rt haewooxx bahagia birthday buat kesayangan aku dan yang paling buat aku semangat terimakasih sudah jadi salah satu alasan aku bertaha,Netral
sjofficial bahagia birthday ryeowook semoga selalu sehat dan bahagiaa bahagia ryeowook day sjofficial,Netral
hbd dedek oppaku sudah tahun berasa hendak remaja masjid awet muda sangat tidak kayak hamba yang belum kepala saja berasa ahjumma bahagia birthday ryeowook bahagia ryeowook day sjofficial,Netral
bahagia birthday ganteng sehat selalu iya bahagia birthday ryeowook bahagia ryeowook day sjofficial,Netral
bahagia birthday inter maknae nya suju tidak terasa sudah tahun saja aduuh tapi kenapa bahkan makin kayak anak smp iya panjang umur sehat selalu ya oleh oleh oleh ke untuk per untuk dan oleh dan ke dan,Netral
bahagia birthday buat kesayangan aku dan yang paling buat aku semangat terimakasih sudah jadi salah satu alasan aku bertahan bahagia birthday baby ryeowook bahagia ryeowook day sjofficial,Netral
sjofficial bahagia birthday ryeowook yang tiap hari makin muda makin ganteng sehat selalu iya bahagia ryeowook day sjofficial,Netral
sjofficial bahagia birthday ryeowook semoga panjang umur sehat selalu semua do baik untukmuu bahagia ryeowook day sjofficial,Netral
sjofficial bahagia birthday ryeowook semoga sehat dan bahagia selalu aamiin bahagia ryeowook day sjofficial,Netral
sjofficial bahagia birthday dedek emesh yang sudah tidak dedek lagi ya oleh oleh oleh ke untuk per untuk dan oleh per per ya di ya,Netral
belum terlambat akan yaa tadi malam ketiduran huu bahagia birthday ryeowook bahagia ryeowook day sjofficial,Netral
sjofficial bahagia birthday ryeowook always be bahagia and healthy semoga semakin sukses untuk karir dan kehidupannya bahagia birthday ryeowook bahagia ryeowook day sjofficial,Positive
bahagia birthday ryeowook semoga sehat dan sukses selalu ya oleh oleh oleh ke untuk per untuk dan oleh per per ya di ya,Netral
bahagia birthday uri wookie semoga sehat dan bahagia selalu reonggu bahagia birthday ryeowook bahagia ryeowook day sjofficial,Netral
bleuhae sjofficial oh benar juga iya ulang tahun teukchul masih di tengah coba tertawa enak banget mereka bertiga pas ulang tahun dikasih feeds sendiri bahagia birthday ryeowook bahagia ryeowook day sjofficial,Netral
sjofficial bahagia birthday ryeowook semoga karirnya makin sukses dijauhkan dari rumor buruk selalu jaga kesehatan dilancarkan segala urusannya sehat dan bahagia selalu yaa bahagia ryeowook day sjofficial,Netral
sjofficial bahagia birthday ryeowook semoga selalu diberikan kesehatan kebahagiaan menjadi pribadi yang lebih baik lagi dilancarkan karir rezekinya wish you all the best bahagia ryeowook day sjofficial,Positive
sjofficial selamat ulang tahun wookie semoga diumur yang sekarang selalu diberi kesehatan bahagia sukses dalam karir dan selalu semangat sayang wookie banyak banyak bahagia birthday ryeowook bahagia ryeowook day sjofficial,Netral
sjofficial bahagia birthday my bias pertama saya di perkpopan bismillahirrahmanirrahim semoga sehat bahagia selalu iya bang ryeowook sukses selalu bahagia birthday ryeowook bahagia ryeowook day sjofficial,Netral
rt kyn_ryeo ryeowook ryeowook dan ryeowook bahagia birthday ryeowook bahagia ryeowook day sjofficial,Netral
sjofficial bahagia birthday ryeowook wish you all the best bb sehat bahagia lancar karirnya tanpa hambatan dan tetep jadi dedek di super junior bahagia ryeowook day sjofficial,Positive
sjofficial bahagia birthday ryeowook semoga sehat selalu sukses terus buat karya nyaa pokoknya semoga bahagia selalu gantengg bahagia ryeowook day sjofficial,Netral
hai kami eternal magnae ryeonggu kim semoga panjang umur diberi kesehatan selalu dan sukses bahagia birthday ryeowook bahagia ryeowook day sjofficial,Netral
happiest birthday uri ryeonggu my fav geminian yang lain tidak fav bahagia birthday ryeowook ya oleh oleh oleh ke untuk per untuk dan oleh per per ya di ya,Netral
semogat sehat selalu bahagia birthday ryeowook bahagia ryeowook day sjofficial,Netral
bahagia birthday kesayangan ku semoga kamu selalu sehat selalu bahagia dan selalu sukses semoga cameback bareng super junior nya sukses lancar konser super show nya ditunggu vidio terbaru diakui youtube nya ryeowook untuk per untuk dan oleh,Positive
hbd ryeongu bahagia birthday ryeowook bahagia ryeowook day sjofficial,Netral
terlanjur mencinta bahagia birthday ryeowook ya oleh oleh oleh ke bahagia ryeowook day,Netral
bahagia birthday ryeowook oh my god cowok kpop pertama saya,Netral
rt bahagia birthday kim ryeowook sehat selalu dan bahagia iya wookie bahagia ryeowook day sjofficial,Netral
bahagia birthday kim ryeowook sehat selalu dan bahagia iya wookie bahagia ryeowook day sjofficial,Netral
sjofficial bahagia birthday ryeowook semoga karirmu makin bagus semoga selalu sehat dan bahagia wyatb bahagia ryeowook day sjofficial,Netral
sjofficial bahagia birthday ryeowook semoga karirmu makin bersinar bahagia ryeowook day sjofficial,Netral
sjofficial bahagia birthday ryeowook semoga selalu diberikan kesehatan dan kebahagiaan wish you all the best bahagia ryeowook day sjofficial,Positive
sjofficial bahagia birthday ryeowook semoga semakin sukses amiinn wyatb bahagia ryeowook day sjofficial,Netral
rt buat ultahnya wookie dibikin feed sendiri biar feedsnya tidak berantakan iya bel bahagia birthday ryeowook,Netral
sjofficial bahagia birthday ryeowook sehat selalu bahagia selalu semoga nanti kita bertemu di little prince bahagia birthday ryeowook bahagia ryeowook day sjofficial,Negative
"sjofficial wkwkwk iyaa fix nanti feeds ulang tahun teukchul on the way, sedang di jalan seperti punya wookie juga biar tetap estetik ignya bahagia birthday ryeowook bahagia ryeowook day sjofficial",Netral
kami kings are back the road image teaser bahagia birthday ryeowook tidak nyangka diriku masih suka ikutan seneng lihat mereka trend lagi,Netral
rt yoksi elpeu daripada bingung gabungin saja kami kings are back and,Netral
rt que ryeowook sea tendencia tambien bahagia birthday ryeowook bahagia ryeowook day,Netral
sjofficial bahagia birthday to kami eternal maknae semoga ryeowook makin disayang banyak orang sehat selalu bahagia selalu sukses selalu pokoknya semua doa yang untk kami baby bahagia birthday ryeowook bahagia ryeowook day sjofficial,Netral
sjofficial bahagia birthday ryeowook bahagiaa dan sukses selaluu bahagia ryeowook day sjofficial,Netral
its_dongba sjofficial kyuhyun bahagia birthday ryeowook bahagia ryeowook day sjofficial,Netral
sebentar ini sebenarnya konsepnya mau kayak bagaimana sih saya sudah tidak bisa mikir sumpah hahahahah bahagia birthday ryeowook ya oleh oleh oleh ke untuk per untuk dan oleh per per ya di ya,Netral
sjofficial bahagia birthday ryeowook selamat ulang tahun iya om jangan lupa ampaunya masukkan sinj iya semoga om tambah muda iya sehat selalu sendi-sendi tulangnya dan lancar jaya makmur sentosa karirnya semoga kedepannya gantengnya awet sampai kita ketemu meskipun entah kapan tapi ayaflu,Netral
bahagia birthday ryeowook selamat ulang tahun bias pertama dalam dunia perkpopan he semoga panjang umur sehat selalu yaa ganteng semoga selalu di kelilingi kebahagian dan tawa ily bahagia ryeowook day ya oleh oleh oleh ke untuk per untuk dan oleh,Netral
sjofficial bahagia birthday ryeowook terimakasih sudah menjadi cahaya bagi elf bahagia ryeowook day sjofficial,Netral
hbd oppa bahagia birthday ryeowook bahagia ryeowook day sjofficial,Netral
rt syahraniclouds selamat ulang tahun wookie si paling bocil mukanya kamu mah tidak pantes tua bahagia birthday ryeowook bahagia ryeowo,Netral
sjofficial bahagia birthday ryeowook eternal maknae sehat bahagia selalu iya dedek wookie tingkatkan ketajaman mulutmu we love you so much uri ryeong bahagia ryeowook day sjofficial,Positive
selamat ulang tahun bby wookiee smoga smakin kiyowokk bahagia birthday ryeowook bahagia ryeowook day sjofficial,Netral
sjofficial bahagia birthday kim ryeowook semoga makin bahagia saja sudah makin lancar karirnya makin langgeng sama mbak ehem ampe nikah iya wookie iya wookie jangan sakit bahagia birthday ryeowook bahagia ryeowook day sjofficial,Netral
bahagia birthday to ryeonggu hepi kiyowo always yaa salam buat mbak ari bahagia ryeowook day ya oleh oleh oleh ke,Netral
sjofficial bahagia birthday ryeowook semoga kamu selalu sehat selalu lancar kerjanyaa dikelilingi orang orang baik makin suksess bahagia ryeowook day sjofficial,Netral
sjofficial bahagia birthday ryeowook wish you all the ebst the cuties boy sehat terus yaa wookie seneng banget bisa bareng sampai sekarang sukses teruss yaa bahagia ryeowook day sjofficial,Netral
sjofficial bahagia bday dedek oppa uri eternal maknae semoga panjang umur sehat dan bahagia selalu bahagia birthday ryeowook bahagia ryeowook day sjofficial,Netral
rt nyosanyos bahagia birthday ryeowook sampai bertemu di indonesia untuk per untuk dan oleh ya oleh oleh oleh ke,Netral
rt kyurakyuraninja suju bahagia birthday ryeowook bahagia ryeowook day sjofficial,Netral
aduh mau pakai foto ryeowook tapi masih keblinger sama foto teaser bahagia birthday ryeowook bahagia ryeowook day sjofficial,Netral
bahagia birthday ryeowook hbd musuhnya siwon kakak,Netral
sjofficial bahagia birthday bahagia level up day selamat hari jadi for the paling precious gorgeous man ryeowook semoga ryeowook diberi kesehatan kebahagiaan selalu berkah panjang umur karirnya semakin sukses bahagia ryeowook day sjofficial,Positive
que ryeowook sea tendencia tambien bahagia birthday ryeowook bahagia ryeowook day,Netral
rt its_dongba gyumihee sjofficial suju bahagia birthday ryeowook bahagia ryeowook day sjofficial,Netral
gyumihee sjofficial suju bahagia birthday ryeowook bahagia ryeowook day sjofficial,Netral
sjofficial bahagia birthday ryeowook wish you all the best bangga dengan kamu bahagia ryeowook day sjofficial,Positive
