tweets,labels
rt smtown_idn selamat ulang tahun ryeowook bahagia birthday ryeowook bahagia ya oleh oleh oleh ke day ya oleh oleh oleh ke untuk per untuk dan oleh sjofficial,1
rt giveaway receh saldo shopeepay buat orang rep saja ht ryeowook bahagia birthday ryeowook bahagia ryeowo,0
resistance band panjang power band karet fitness gym yoga stretch yellow xs di tokopedia bisa bebas ongkos kirim lho junction concept photo kami kings are back bpjskesehatan dan tzen selca day indonesia negara besar bahagia birthday ryeowook,0
coba cek ini deh sepatu eagle orbit hitam abu badminton shoes di toko eagle official store tokopedia bisa bebas ongkos kirim lho bahagia birthday ryeowook lee jeno we love you audio snippet out now per melayani kim seon ho siwon,0
coba cek ini deh deli memo tempel sticky notes warna pastel random di toko deli stationery tag junction concept photo kami kings are back bpjskesehatan dan tzen selca day indonesia negara besar bahagia birthday ryeowook,0
rt hanamiazura yey ketemu sama sayang di st krl bahagia birthday ryeowook bahagia ryeowook day sjofficial ya,1
rt bahagia birthday selamat ulang tahun ads from solo balapan dan sekali terimakasih kak dan tim pr,1
rt woonpoutykim tidak ada uang bosennya ngucapin bahagia birthday bahagia birthday kim ryeowook bahagia ryeowook day one and only ke,1
rt syahraniclouds led ads wajah orang ganteng bin imut tiada duanya stasiun gubeng lama sby luiccsa lia_kairos yes_un,1
rt syahraniclouds stasiun gubeng baru sby luiccsa lia_kairos yes_ung_love amelbodor racunelfmy bahagia birthday ryeowoo,1
rt rwkgiraffe penutupan malam di stasiun juanda bahagia birthday ryeowook bahagia ryeo wook day sjofficial th,1
rt teukyugi karena kebetulan ada di stasiun dekat rumah jadi aku sempetin buat lihat ads ini bahagia birthday ryeowook,1
rt gaemcaca bahagia birthday ryeowookbs lihat di sepanjang st bandung sekalian ngajak sepupu naik kereta terima kasih kakak sudah adain ini project yang,1
bahagia birthday oppa ryeowook selamat ulang tahun oppa ryeowook saengil chuka hamnida oppa ryeowook,1
rt mykkuruu hbd dedek oppaku sudah tahun berasa hendak remaja masjid awet muda sangat tidak kayak hamba yang belum kepala saja be,1
rt giveaway ryeowook birthday saldo spay dana masing-masing buat orang rt like replay ucapan doa boleh dikasih,1
bahagia birthday ryeowookbs lihat di sepanjang st bandung sekalian ngajak sepupu naik kereta terima kasih kakak sudah adain ini project yang selalu amelbodor yes_ung_love luiccsa racunelfmy bahagia ryeo wook day sjofficial,1
inget tanggal ulang tahun pak jokowi soalnya barengan sama ryeowook wkwkwkwkwk bahagia birthday to both of you jokowi,1
karena kebetulan ada di stasiun dekat rumah jadi aku sempetin buat lihat ads ini bahagia birthday ryeowook bahagia ryeowook day sjofficial yes_ung_love luiccsa lia_kairos amelbodor racunelfmy,1
amelbodor bahagia birthday ryeowook semoga karirnya makin sukses dijauhkan dari rumor buruk selalu jaga kesehatan dilancarkan segala urusannya sehat dan bahagia selalu yaa bahagia ryeowook day sjofficial,1
penutupan malam di stasiun juanda bahagia birthday ryeowook bahagia ryeo wook day sjofficial thank you so much kak dan team untuk event nya yes_ung_love luiccsa amelbodor lia_kairos racunelfmy,1
my eunkyuwook trio aa bahagia birthday ryeowook,1
rt dhaerabin aa seneng banget liatnya bahagia birthday ryeonggu love you boys bahagia birthday ryeowook bahagia ryeo,1
aa seneng banget liatnya bahagia birthday ryeonggu love you boys bahagia birthday ryeowook bahagia ryeowook day sjofficial,1
stasiun gubeng baru sby luiccsa lia_kairos yes_ung_love amelbodor racunelfmy bahagia birthday ryeowook bahagia ryeowook day sjofficial,1
led ads wajah orang ganteng bin imut tiada duanya stasiun gubeng lama sby luiccsa lia_kairos yes_ung_love amelbodor racunelfmy bahagia birthday ryeowook bahagia ryeowook day sjofficial,1
jangan lupa laik komen en subrek iya gess yaa bahagia birthday ryeowook bahagia ryeowook day,1
rt surume_sj bahagia birthday ryeowook bahagia ryeo wook day ya oleh oleh oleh ke untuk per untuk dan oleh super juniorfanart,1
tidak ada uang bosennya ngucapin bahagia birthday bahagia birthday kim ryeowook bahagia ryeowook day one and only ke ya oleh oleh oleh ke sjofficial kemarin moi tidak kerekam untung ini dapat yes_ung_love luiccsa lia_kairos amelbodor racunelfmy,1
bahagia birthday selamat ulang tahun ads from solo balapan dan sekali terimakasih kak dan tim projects birthday ryeowook sehat selalu untuk per untuk dan oleh bahagia ryeowook day,1
yey ketemu sama sayang di st krl bahagia birthday ryeowook bahagia ryeowook day sjofficial yes_ung_love luiccsa lia_kairos amelbodor racunelfmy,1
rt liaasrk di panggil ponakan tapi sudah om di panggil om tapi mukanya kayak bayik ya sudah panggil sayang saja dari pada pusing happ,1
bahagia birthday ryeowook tumben kelingkingnya tidak ngetrill,1
bahagia birthday sayang ryeowook sehat selalu yah ya oleh oleh oleh ke untuk per untuk dan oleh per per ya di ya,1
dedek kesayanganku bahagia birthday ryeowook bahagia ryeowook day sjofficial,1
flawlaah bahagia birthday kak ciyee ultahnya bareng ryeowook,1
di panggil ponakan tapi sudah om di panggil om tapi mukanya kayak bayik ya sudah panggil sayang saja dari pada pusing bahagia birthday ryeowook bahagia ya oleh oleh oleh ke day ya oleh oleh oleh ke untuk per untuk dan oleh sjofficial,1
manset hijab manset kaos dalaman lengan panjang polos bahan rayon warna lInK bahagia birthday ryeowook lee jeno we love you mufc shan day open mic with jay tidak ju-ne audio snippet out now,0
amelbodor bahagia birthday kim ryeowook sehat sehat iya wookie jangan sakit lagi hiks terus berkarya iya wookie bahagia ryeowook day,0
sjofficial bahagia birthday my starry night panjang umur sehat selalu apa yang kamu inginkan tercapai jaga kesehatan.terima kasih karena hadirmu buatku menjadi lebih berwarna bahagia birthday ryeowook bahagia ryeowook day sjofficial,0
bahagia birthday mas ryeowook si eternal maknae yang vocalnya tidak iya mas makin lancar dan sukses berkarirnya love untuk always bahagia ryeowook day ya oleh oleh oleh ke untuk per untuk dan oleh,1
belum terlambat ngucapin wkwkw enjoy your birthday ryeowook oppa enjoy your birthday bahagia birthday ryeowook bahagia ryeowook day sjofficial,1
parfum wanita perempuan lameila tahan lama import murah lInK junction concept photo kami kings are back oleh dan ya ya views caremate livex ke per per bahagia birthday ryeowook,-1
bahagia birthday ryeowook si paling kiyowoo bahagia selalu yaa kamu sama ayangie bahagia ryeowook day sjofficial,1
rt ursweeth sjofficial bahagia birthday ryeowook si paling cute sukses selalu buat wookie tertawa,1
sjofficial bahagia birthday ryeowook si paling cute sukses selalu buat wookie bahagia ryeowook day sjofficial,1
sjofficial pakai foto dari sama bahagia birthday wookie panjang umur sehat selalu sukses selalu see you soon bahagia birthday ryeowook bahagia ryeowook day sjofficial,1
ryeowook ultahnya barengan sama pak jokowi bahagia birthday ryeowook bahagia ryeowook day sjofficial,1
selamat ulang tahun ryeowook bahagia birthday ryeowook bahagia ya oleh oleh oleh ke day ya oleh oleh oleh ke untuk per untuk dan oleh sjofficial,1
sjofficial bahagia birthday ryeowook semoga ryeowook makin sukses selalu sehat dan selalu bahagia aamiin bahagia ryeowook day sjofficial,1
sjofficial bahagia birthday dedek ryeonggu semoga selalu sehat bahagia makin sukses karirnya makin gemesin makin dicintai banyak orang bahagia birthday ryeowook bahagia ryeowook day sjofficial,1
bahagia birthday ryeowook semoga ryeowook makin sukses selalu sehat dan selalu bahagia aamiin bahagia ryeowook day sjofficial,1
bahagia birthday sayangg yaa pokonya yang terbaikk untuk per untuk dan oleh ya oleh oleh oleh ke bahagia ryewook day,1
bahagia birthday uri eternal maknae semoga sehat selalu bahagia selalu semoga langgeng sama mbak ari dan semoga yang terbaik menghampiri mu bahagia birthday ryeowook bahagia ryeowook day sjofficial,1
dens_oppa sjofficial bahagia birthday ryeowook oppa semoga sehat dan bahagia selalu,1
bahagia birthday ryeowook semoga karirnya makin sukses dijauhkan dari rumor buruk selalu jaga kesehatan dilancarkan segala urusannya sehat dan bahagia selalu yaa bahagia ryeowook day sjofficial,1
bahagia birthday ryeowook eternal maknae suju yang semakin tua tapi semakin gumusshh ya oleh oleh oleh ke bahagia ryeowook day ya oleh oleh oleh kday_nv untuk per untuk dan oleh day nv,1
rt ashadowmonster amelbodor semoga panjang umur sehat terus makin bahagia tambah banyak yang sayang ya oleh oleh oleh ke dijauhkan di,1
amelbodor semoga panjang umur sehat terus makin bahagia tambah banyak yang sayang ya oleh oleh oleh ke dijauhkan dari haters karirnya lancar sukses selalu dan tahun ini punya banyak job we love you bahagia birthday ryeowook bahagia ryeowook day sjofficial,1
sjofficial bahagia birthday ryeowook panjang umur sehat selalu menjadi pribadi idola yang baik sukses dengan karirnya dilancarkan rezeki job nya cepat nikah sama mbak ari tetap menjadi kebanggaan elf maupun member saja bahagia ryeowook day sjofficial,1
rt sapphpetals manis banget sih dedek bahagia birthday ryeowook bahagia ryeowook day sjofficial,1
bahagia birthday ryeowook panjang umur sehat selalu menjadi pribadi idola yang baik sukses dengan karirnya dilancarkan rezeki job nya biar cepat nikah sama mbak ari tetap menjadi kebanggaan elf maupun member saja bahagia ryeowook day,1
tidak punya tiktod tapi tetep aku drop bahagia birthday kim ryeowook my little prince you have the paling beautiful voice bahagia ryeowook day,-1
done selamat ulang tahun oppa sayang bahagia birthday ryeowook bahagia ryeowook day sjofficial,1
terkejud ada video bday wookie di stasiun bahagia birthday ryeowook sjofficial,1
rt demi tidak merusak layout gemesh banget sihh anak magang label bahagia birthday ryeowook bahagia ryeowook,1
sjofficial bahagia birthday uri eternal maknae semoga sehat selalu bahagia selalu dan semoga yang terbaik menghampiri mu bahagia birthday ryeowook bahagia ryeowook day sjofficial,1
bahagia birthday juga kakk ihh barengan ryeowook,1
abang yeye kesayangan adek ryeonggu bahagia birthday ryeowook bahagia ryeowook day sjofficial,1
amelbodor bahagia birthday kami one and only ryeowook semoga karirnya semakin sukses tetap sehat dan selalu diliputi oleh kebahagiaan aamiin bahagia ryeowook day sjofficial,1
sjofficial bahagia birthday ryeowook semoga sehat selalu panjang umur selalu bahagia semoga selalu sukses terus dalam berkarir dan terimakasih untuk karya-karya mu we love you bahagia ryeowook day sjofficial,1
amelbodor bahagia birthday my beloved uri wangja terima kasih sudah jadi support sistem aku banget buat bertahan hidup sehat dan bahagia selalu iya dear ily tanpa batas bahagia birthday ryeowook bahagia ryeo wook day sjofficial,1
amelbodor bahagia birthday my little prince kim ryeowook thank you for everything and glad to know you since years ago terima kasih sudah jadi penyemangat ku buat aku bertahan terimakasih sudah hadir di saja love you bahagia ryeowook day sjofficial,1
sjofficial selamat bertambah umur iya bestie terimakasih sudah menemani hari hariku dengan suara indahmu semoga selalu dikelilingi kebaikan panjang umur dan sehat selalu bahagia birthday ryeowook bahagia ryeowook day sjofficial,1
amelbodor selamat ulang tahun ryeowook semoga selalu diberikan kesehatan dan kebahagiaan dijauhkan dari yang buruk dan semakin sukses bahagia birthday ryeowook bahagia ryeowook day sjofficial,1
amelbodor tetap sehat bahagia job lancar terus seperti pipa air rucika iya bahagia birthday ryeowook bahagia ryeowook day sjofficial,1
iya ampun disingkat gemes banget sih bahagia birthday ryeowook ya oleh oleh oleh ke bahagia ryeowook day,1
amelbodor selamat ulang tahun wookie si paling bocil mukanya kamu mah tidak pantes tua bahagia birthday ryeowook bahagia ryeowook day sjofficial,1
sjofficial bahagia birthday ryeowook sehat-sehat dan bahagia selalu lancar rejekinya dan segala urusannya all the best for you kami little prince bahagia ryeowook day sjofficial,1
ternyata kamu gemini juga pantesan ngeselin sama kaya aku bahagia birthday ryeowook bahagia ryeowook day sjofficial,1
rt elsaarizqi bahagia birthday ryeowook semoga sehat dan sukses selalu ya oleh oleh oleh ke untuk per untuk dan oleh per per ya di ya,1
rt haewooxx bahagia birthday buat kesayangan aku dan yang paling buat aku semangat terimakasih sudah jadi salah satu alasan aku bertaha,1
sjofficial bahagia birthday ryeowook semoga selalu sehat dan bahagiaa bahagia ryeowook day sjofficial,1
hbd dedek oppaku sudah tahun berasa hendak remaja masjid awet muda sangat tidak kayak hamba yang belum kepala saja berasa ahjumma bahagia birthday ryeowook bahagia ryeowook day sjofficial,1
bahagia birthday ganteng sehat selalu iya bahagia birthday ryeowook bahagia ryeowook day sjofficial,1
bahagia birthday inter maknae nya suju tidak terasa sudah tahun saja aduuh tapi kenapa bahkan makin kayak anak smp iya panjang umur sehat selalu ya oleh oleh oleh ke untuk per untuk dan oleh dan ke dan,1
bahagia birthday buat kesayangan aku dan yang paling buat aku semangat terimakasih sudah jadi salah satu alasan aku bertahan bahagia birthday baby ryeowook bahagia ryeowook day sjofficial,1
sjofficial bahagia birthday ryeowook yang tiap hari makin muda makin ganteng sehat selalu iya bahagia ryeowook day sjofficial,1
sjofficial bahagia birthday ryeowook semoga panjang umur sehat selalu semua do baik untukmuu bahagia ryeowook day sjofficial,1
sjofficial bahagia birthday ryeowook semoga sehat dan bahagia selalu aamiin bahagia ryeowook day sjofficial,1
sjofficial bahagia birthday dedek emesh yang sudah tidak dedek lagi ya oleh oleh oleh ke untuk per untuk dan oleh per per ya di ya,1
belum terlambat akan yaa tadi malam ketiduran huu bahagia birthday ryeowook bahagia ryeowook day sjofficial,1
sjofficial bahagia birthday ryeowook always be bahagia and healthy semoga semakin sukses untuk karir dan kehidupannya bahagia birthday ryeowook bahagia ryeowook day sjofficial,1
bahagia birthday ryeowook semoga sehat dan sukses selalu ya oleh oleh oleh ke untuk per untuk dan oleh per per ya di ya,1
bahagia birthday uri wookie semoga sehat dan bahagia selalu reonggu bahagia birthday ryeowook bahagia ryeowook day sjofficial,1
bleuhae sjofficial oh benar juga iya ulang tahun teukchul masih di tengah coba tertawa enak banget mereka bertiga pas ulang tahun dikasih feeds sendiri bahagia birthday ryeowook bahagia ryeowook day sjofficial,1
sjofficial bahagia birthday ryeowook semoga karirnya makin sukses dijauhkan dari rumor buruk selalu jaga kesehatan dilancarkan segala urusannya sehat dan bahagia selalu yaa bahagia ryeowook day sjofficial,1
sjofficial bahagia birthday ryeowook semoga selalu diberikan kesehatan kebahagiaan menjadi pribadi yang lebih baik lagi dilancarkan karir rezekinya wish you all the best bahagia ryeowook day sjofficial,1
sjofficial selamat ulang tahun wookie semoga diumur yang sekarang selalu diberi kesehatan bahagia sukses dalam karir dan selalu semangat sayang wookie banyak banyak bahagia birthday ryeowook bahagia ryeowook day sjofficial,1
sjofficial bahagia birthday my bias pertama saya di perkpopan bismillahirrahmanirrahim semoga sehat bahagia selalu iya bang ryeowook sukses selalu bahagia birthday ryeowook bahagia ryeowook day sjofficial,1
rt kyn_ryeo ryeowook ryeowook dan ryeowook bahagia birthday ryeowook bahagia ryeowook day sjofficial,1
sjofficial bahagia birthday ryeowook wish you all the best bb sehat bahagia lancar karirnya tanpa hambatan dan tetep jadi dedek di super junior bahagia ryeowook day sjofficial,1
sjofficial bahagia birthday ryeowook semoga sehat selalu sukses terus buat karya nyaa pokoknya semoga bahagia selalu gantengg bahagia ryeowook day sjofficial,1
hai kami eternal magnae ryeonggu kim semoga panjang umur diberi kesehatan selalu dan sukses bahagia birthday ryeowook bahagia ryeowook day sjofficial,1
happiest birthday uri ryeonggu my fav geminian yang lain tidak fav bahagia birthday ryeowook ya oleh oleh oleh ke untuk per untuk dan oleh per per ya di ya,1
semogat sehat selalu bahagia birthday ryeowook bahagia ryeowook day sjofficial,1
bahagia birthday kesayangan ku semoga kamu selalu sehat selalu bahagia dan selalu sukses semoga cameback bareng super junior nya sukses lancar konser super show nya ditunggu vidio terbaru diakui youtube nya ryeowook untuk per untuk dan oleh,1
hbd ryeongu bahagia birthday ryeowook bahagia ryeowook day sjofficial,1
terlanjur mencinta bahagia birthday ryeowook ya oleh oleh oleh ke bahagia ryeowook day,1
bahagia birthday ryeowook oh my god cowok kpop pertama saya,1
rt bahagia birthday kim ryeowook sehat selalu dan bahagia iya wookie bahagia ryeowook day sjofficial,1
bahagia birthday kim ryeowook sehat selalu dan bahagia iya wookie bahagia ryeowook day sjofficial,1
sjofficial bahagia birthday ryeowook semoga karirmu makin bagus semoga selalu sehat dan bahagia wyatb bahagia ryeowook day sjofficial,1
sjofficial bahagia birthday ryeowook semoga karirmu makin bersinar bahagia ryeowook day sjofficial,1
sjofficial bahagia birthday ryeowook semoga selalu diberikan kesehatan dan kebahagiaan wish you all the best bahagia ryeowook day sjofficial,1
sjofficial bahagia birthday ryeowook semoga semakin sukses amiinn wyatb bahagia ryeowook day sjofficial,1
rt buat ultahnya wookie dibikin feed sendiri biar feedsnya tidak berantakan iya bel bahagia birthday ryeowook,1
sjofficial bahagia birthday ryeowook sehat selalu bahagia selalu semoga nanti kita bertemu di little prince bahagia birthday ryeowook bahagia ryeowook day sjofficial,1
"sjofficial wkwkwk iyaa fix nanti feeds ulang tahun teukchul on the way, sedang di jalan seperti punya wookie juga biar tetap estetik ignya bahagia birthday ryeowook bahagia ryeowook day sjofficial",1
kami kings are back the road image teaser bahagia birthday ryeowook tidak nyangka diriku masih suka ikutan seneng lihat mereka trend lagi,1
rt yoksi elpeu daripada bingung gabungin saja kami kings are back and,1
rt que ryeowook sea tendencia tambien bahagia birthday ryeowook bahagia ryeowook day,1
sjofficial bahagia birthday to kami eternal maknae semoga ryeowook makin disayang banyak orang sehat selalu bahagia selalu sukses selalu pokoknya semua doa yang untk kami baby bahagia birthday ryeowook bahagia ryeowook day sjofficial,1
sjofficial bahagia birthday ryeowook bahagiaa dan sukses selaluu bahagia ryeowook day sjofficial,1
its_dongba sjofficial kyuhyun bahagia birthday ryeowook bahagia ryeowook day sjofficial,1
sebentar ini sebenarnya konsepnya mau kayak bagaimana sih saya sudah tidak bisa mikir sumpah hahahahah bahagia birthday ryeowook ya oleh oleh oleh ke untuk per untuk dan oleh per per ya di ya,1
sjofficial bahagia birthday ryeowook selamat ulang tahun iya om jangan lupa ampaunya masukkan sinj iya semoga om tambah muda iya sehat selalu sendi-sendi tulangnya dan lancar jaya makmur sentosa karirnya semoga kedepannya gantengnya awet sampai kita ketemu meskipun entah kapan tapi ayaflu,1
bahagia birthday ryeowook selamat ulang tahun bias pertama dalam dunia perkpopan he semoga panjang umur sehat selalu yaa ganteng semoga selalu di kelilingi kebahagian dan tawa ily bahagia ryeowook day ya oleh oleh oleh ke untuk per untuk dan oleh,1
sjofficial bahagia birthday ryeowook terimakasih sudah menjadi cahaya bagi elf bahagia ryeowook day sjofficial,1
hbd oppa bahagia birthday ryeowook bahagia ryeowook day sjofficial,1
rt syahraniclouds selamat ulang tahun wookie si paling bocil mukanya kamu mah tidak pantes tua bahagia birthday ryeowook bahagia ryeowo,1
sjofficial bahagia birthday ryeowook eternal maknae sehat bahagia selalu iya dedek wookie tingkatkan ketajaman mulutmu we love you so much uri ryeong bahagia ryeowook day sjofficial,1
selamat ulang tahun bby wookiee smoga smakin kiyowokk bahagia birthday ryeowook bahagia ryeowook day sjofficial,1
sjofficial bahagia birthday kim ryeowook semoga makin bahagia saja sudah makin lancar karirnya makin langgeng sama mbak ehem ampe nikah iya wookie iya wookie jangan sakit bahagia birthday ryeowook bahagia ryeowook day sjofficial,1
bahagia birthday to ryeonggu hepi kiyowo always yaa salam buat mbak ari bahagia ryeowook day ya oleh oleh oleh ke,1
sjofficial bahagia birthday ryeowook semoga kamu selalu sehat selalu lancar kerjanyaa dikelilingi orang orang baik makin suksess bahagia ryeowook day sjofficial,1
sjofficial bahagia birthday ryeowook wish you all the ebst the cuties boy sehat terus yaa wookie seneng banget bisa bareng sampai sekarang sukses teruss yaa bahagia ryeowook day sjofficial,1
sjofficial bahagia bday dedek oppa uri eternal maknae semoga panjang umur sehat dan bahagia selalu bahagia birthday ryeowook bahagia ryeowook day sjofficial,1
rt nyosanyos bahagia birthday ryeowook sampai bertemu di indonesia untuk per untuk dan oleh ya oleh oleh oleh ke,1
rt kyurakyuraninja suju bahagia birthday ryeowook bahagia ryeowook day sjofficial,1
aduh mau pakai foto ryeowook tapi masih keblinger sama foto teaser bahagia birthday ryeowook bahagia ryeowook day sjofficial,1
bahagia birthday ryeowook hbd musuhnya siwon kakak,1
sjofficial bahagia birthday bahagia level up day selamat hari jadi for the paling precious gorgeous man ryeowook semoga ryeowook diberi kesehatan kebahagiaan selalu berkah panjang umur karirnya semakin sukses bahagia ryeowook day sjofficial,1
que ryeowook sea tendencia tambien bahagia birthday ryeowook bahagia ryeowook day,1
rt its_dongba gyumihee sjofficial suju bahagia birthday ryeowook bahagia ryeowook day sjofficial,1
gyumihee sjofficial suju bahagia birthday ryeowook bahagia ryeowook day sjofficial,1
sjofficial bahagia birthday ryeowook wish you all the best bangga dengan kamu bahagia ryeowook day sjofficial,1
rt esjehanget sjofficial bahagia birthday kim ryeowook sehat selalu dan bahagia terus iya bang,1
sjofficial bahagia birthday kim ryeowook sehat selalu dan bahagia terus iya bang bahagia ryeowook day sjofficial,1
rt awsemdee bahagia birthday kami little prince kim ryeowook semoga sehat selalu lancar karirnya dan yang terpenting jangan lupa bahagi,1
sjofficial bahagia birthday ryeowook semoga selalu sehat dan tercapai semua keinginanmu love untuk ryeong bahagia ryeowook day sjofficial,1
wookiee bahagia birthday semoga panjang umur sehat selalu bahagia selalu sukses selalu dan apa yang diinginkan tercapai aminn dan juga selalu jadi member suju iya oppa bahagia birthday ryeowook bahagia ryeowook day sjofficial,1
bahagia birthday my dearest kim ryeowook mau oleng kah siapapun bakal balik lagi kah dia ya oleh oleh oleh ke untuk per untuk dan oleh per per ya di ya,1
rt hbd kak iwuuk bahagia birthday ryeowook bahagia ryeowook day sjofficial,1
sjofficial bahagia birthday ryeowook sehat bahagia selalu lancar rejekinyaa all the best for you bahagia ryeowook day sjofficial,1
rt smfamfess pb bahagia birthday ryeowook eternal maknaenya suju,1
sjofficial bahagia birthday ryeowook semoga tidak ada uang lagi yang ngehate dedek emes ini terimakasih sudah jadi bagian super junior he deserve to be happyy bahagia ryeowook day sjofficial,1
uri eternal maknae ryeonggu sehat selalu bahagia birthday ryeowook ya oleh oleh oleh ke untuk per untuk dan oleh per per ya di ya,1
sjofficial bahagia birthday ryeowook sehat dan bahagia selalu karirnya semakin melejit di grup maupun solo schedule bahagia ryeowook day sjofficial,1
giveaway receh saldo shopeepay buat orang rep saja ht ryeowook bahagia birthday ryeowook bahagia ryeowook day sjofficial,1
sjofficial bahagia birthday ryeowook sehat selalu bahagia selalu karir semakin melejit dan tetap menjadi pribadi yang mengagumkan aamiin bahagia ryeowook day sjofficial,1
sjofficial iya kakk jdnya di spesialin buat wookie bahagia birthday ryeowook bahagia ryeowook day sjofficial,1
aduh maap bukannya julid tapi ini desainnya simple banget kayak pakai template canva bahagia birthday ryeowook bahagia ryeowook day sjofficial,1
yoksi elpeu daripada bingung gabungin saja kami kings are back and bahagia birthday ryeowook the road image teaser untuk per untuk dan oleh bahagia ryeowook day sjofficial,1
sjofficial selamat ulang tahun yaa little prince nya elf doa terbaik untuk mu bahagia birthday ryeowook bahagia ryeo wook day untuk per untuk dan oleh,1
bleuhae sjofficial nanggung soalnya iya ultahnya di tengah menjelang coba bahagia birthday ryeowook bahagia ryeowook day sjofficial,1
giveaway ryeowook birthday saldo spay dana masing-masing buat orang rt like replay ucapan doa boleh dikasih foto nya ryeowook drop ht bahagia birthday ryeowook bahagia ryeowook day sjofficial end,1
sjofficial tidak begitu iya wqwqw bahagia birthday ryeowook bahagia ryeowook day sjofficial,1
shindongghee sjofficial wkwkwk betul jen biar wookie tidak nyempil sendiri bahagia birthday ryeowook bahagia ryeowook day sjofficial,1
rt lmtedvelfdition lihatlah bayi bulan ini bahagia birthday ryeowook bahagia ryeowook day sjofficial http,1
esjehanget sjofficial paling suka cosplay nya wookie jadi apa saja pantes bahagia birthday ryeowook bahagia ryeowook day sjofficial,1
asa kagok begitu hestek buat wookie sama saja bahagia birthday ryeowook bahagia ryeowook day sjofficial,1
lihatlah bayi bulan ini bahagia birthday ryeowook bahagia ryeowook day sjofficial,1
leomoonade sjofficial sungguh meresahkan pict nya bahagia birthday ryeowook bahagia ryeowook day sjofficial,1
selamat ulang tahun kiyowoo kuu bahagia birthday ryeowook bahagia ryeowook day sjofficial,1
bahagia birthday ryeowook sampai bertemu di indonesia untuk per untuk dan oleh ya oleh oleh oleh ke,1
highfivehajima sjofficial dedek oppa saja sudah tertawa bahagia birthday ryeowook bahagia ryeowook day sjofficial,1
bahagia birthday ryeowook bahagia ryeo wook day ya oleh oleh oleh ke untuk per untuk dan oleh super juniorfanart,1
rt haneulluu sayang sayang ku semoga kalian selalu diberikan kesehatan sekali lagi bahagia birthday ryeowook hap,1
jadi apapun juga pasti sempurna bahagia birthday ryeowook bahagia ryeowook day sjofficial,1
rt shindongghee sjofficial wkwkwk daripada nyelip satu pink pink di antara teaser iya kak bahagia birthday ryeowo,1
bahagia birthday my litlle prince kim ryeowook terima kasih sudah hadir dalam hidupku suara indahmu sehat selalu sayang love untuk bahagia birthday ryeowook bahagia ryeowook day sjofficial,1
rt heecheoll bahagia born day uri eternal maknae kim ryeowook sehat bahagia selalu iya dedek wufu bahagia birthday ryeowook,1
ayoo kita buat urutan di atas semua bahagia birthday ryeowook bahagia ryeowook day sjofficial,1
sjofficial wkwkwk daripada nyelip satu pink pink di antara teaser iya kak bahagia birthday ryeowook bahagia ryeowook day sjofficial,1
sayang sayang ku semoga kalian selalu diberikan kesehatan sekali lagi bahagia birthday ryeowook bahagia ryeowook day sjofficial,1
terakhir hestek juga buat wookie bahagia birthday ryeowook bahagia ryeowook day sjofficial,1
sjofficial biar tetep estetik bahagia birthday ryeowook bahagia ryeowook day sjofficial,1
wookie kamutu gaboleh iya cakep+lucu begini bahagia birthday ryeowook bahagia ryeowook day sjofficial,1
rt indri_babyelf bahagia birthday ryeowook dedek gemoy kesayangankusemoga panjang umur sehat bahagia selalu sukses selalu semakin banyak,1
semoga bahagia selalu bahagia birthday ryeowook bahagia ryeowook day,1
bahagia born day uri eternal maknae kim ryeowook sehat bahagia selalu iya dedek wufu bahagia birthday ryeowook bahagia ryeowook day sjofficial,1
sjofficial bahagia birthday ryeowook eternal maknae superjunior ya oleh oleh oleh ke untuk per untuk dan oleh per per ya ya oleh oleh oleh ke di ya,1
suka bner fotp wookie yang ini bahagia birthday ryeowook bahagia ryeowook day sjofficial,1
sjofficial selamat ulang tahun oppa cilik bahagia birthday ryeowook bahagia ryeowook day sjofficial,1
yaallah saya sampai lupa wookie ulang tahun bahagia birthday ryeowook bahagia ryeowook day sjofficial,1
doanyaa semoga sehat terus yaa jobnya ngalir teruss semuanya lancar buat wookie dan wookie terus bahagiaa sekali lagii bahagia birthday wookiee bahagia birthday ryeowook bahagia ryeowook day sjofficial,1
buat ultahnya wookie dibikin feed sendiri biar feedsnya tidak berantakan iya bel bahagia birthday ryeowook bahagia ryeowook day sjofficial,1
seperti tarzan mohon maap siwon bahagia birthday ryeowook bahagia ryeowook day sjofficial,1
bahagia birthday ryeowook dedek gemoy kesayangankusemoga panjang umur sehat bahagia selalu sukses selalu semakin banyak job semakin bersinar terima kasih sudah menjadi bagian dari sjofficial semoga kita bisa segera bertemu bahagia ryeowook day,1
demi apa sih wookie sudah ulang tahun lagi saja perasaan baru kemarin ngerayain bareng jerapah bahagia birthday ryeowook bahagia ryeowook day sjofficial,1
hbd kak iwuuk bahagia birthday ryeowook bahagia ryeowook day sjofficial,1
sjofficial sudah menyiapkan amunisi label wkwkwkw bahagia birthday ryeowook bahagia ryeowook day sjofficial,1
pibesdey iya adik aku nomor cepat gede iya adik wakakaka padahal sudah bahagia birthday ryeowook bahagia ryeowook day sjofficial,1
syahraniclouds sjofficial setuju diamah pantesnya anak smp terus bahagia birthday ryeowook bahagia ryeowook day sjofficial,1
siapa besok mau ngejar ads kah stasiun gubeng sby aku mau kesana kira jam pas lagi terik nya karena sekalian pulang ngelesi bahagia birthday ryeowook bahagia ryeowook day sjofficial,1
demi tidak merusak layout gemesh banget sihh anak magang label bahagia birthday ryeowook bahagia ryeowook day sjofficial,1
pb bahagia birthday ryeowook eternal maknaenya suju,1
wonchul kenapa bukan teuk yang di sbelah chul teukchulfamily bagamana ini rasanya pakteuk yang di belakang bahagia birthday ryeowook bahagia ryeowook day sjofficial,1
selamat ulang tahun cinta pertama aku di dunia kpop bahagia birthday ryeowook bahagia ryeowook day sjofficial,1
rt bahagia birthday teman seumuran tapi tetep cute kamu kok semoga selalu diberikan kesehatan dan kebahagiaan iya sukses ter,1
bahagia birthday kami little prince kim ryeowook semoga sehat selalu lancar karirnya dan yang terpenting jangan lupa bahagia wuf yu soo muchie abang imut bahagia ryeowook day sjofficial,1
bahagia birthday ryeowook satu-satunya member suju yang akan terasa aneh kalau dipanggil abang dedek wookie forever in my heart bahagia ryeowook day sjofficial,1
ku kira teaser lagi selamat ulang tahun wookie bahagia birthday ryeowook bahagia ryeowook day sjofficial,1
rt selamat ulang tahun adek kesayangan yesung oppa kim ryeowook harapanku oppa sehat bahagia sukses teruslah menjadi ry,1
terimakasih sudah hadir ily bahagia birthday ryeowook bahagia ryeowook day sjofficial,1
selamat ulang tahun ryeonggu tahun ini mari bertemu dengan keadaan bahagia tetap menjadi ryeowook yang imut bahagia birthday ryeowook bahagia ryeowook day sjofficial,1
rt syahraniclouds silahkan hesteknya serah mau suju apa wookienya bahagia birthday ryeowook bahagia ryeowook day,1
selamat ulang tahun adek kesayangan yesung oppa kim ryeowook harapanku oppa sehat bahagia sukses teruslah menjadi ryeowook kami yang luar biasa bahagia birthday ryeowook bahagia ryeo wook day,1
bahagia birthday teman seumuran tapi tetep cute kamu kok semoga selalu diberikan kesehatan dan kebahagiaan iya sukses terus uri ryeonggu bahagia birthday ryeowook bahagia ryeowook day sjofficial,1
rt ryeonggu its your birthday si anak lucuu baik gemeshin ini sudah doa yang baik baik untuj dede wookie hap,1
entah apa yang merasuki mu rambutmu gondrong seperti gtu bahagia birthday ryeowook bahagia ryeowook day sjofficial,1
silahkan hesteknya serah mau suju apa wookienya bahagia birthday ryeowook bahagia ryeowook day sjofficial,1
indonesia trend rank ayo ini nyusul kah bahagia birthday ryeowook bahagia ryeowook day sjofficial,1
ryeonggu its your birthday si anak lucuu baik gemeshin ini sudah doa yang baik baik untuj dede wookie bahagia birthday ryeowook bahagia ryeowook day sjofficial,1
rt achullmausa aku anak canva banget bahagia birthday ryeowook bahagia ryeowook day sjofficial,1
shindongghee sjofficial sudah naik kah bahagia birthday ryeowook bahagia ryeowook day sjofficial,1
selamat ulang tahun wookie si paling bocil mukanya kamu mah tidak pantes tua bahagia birthday ryeowook bahagia ryeowook day sjofficial,1
sayang laki-laki berumur ini tetapi masih kelihatan kaya thun loveu ryeonggu bahagia birthday ryeowook bahagia ryeowook day sjofficial,1
haneulluu syahraniclouds sjofficial tertawa baru sadar kalau salah lapak capek banget jadi elf harus senam jadi doh bahagia birthday ryeowook bahagia ryeowook day sjofficial,1
rt hanamiazura leomoonade sjofficial anjer keluarin semua yang ada di galeri kamu buruan bahagia birthday ryeowook,1
hai besti selamat bertambah umur iya terimakasih sudah menemani hari hari aku dengan suara indahmu tetap sehat dan selalu bahagia semoga kebaikan selalu mengelilingimu love you bahagia birthday ryeowook bahagia ryeowook day sjofficial,1
rt syahraniclouds haneulluu achullmausa sjofficial dahlah tidak apa-apa penting masih suju hesteknya bahagia birthday ryeowook,1
terimakasih moodbosterku bahagia birthday ryeowook bahagia ryeowook day sjofficial,1
ayo mau ngucapin apa buat dedek bahagia birthday ryeowook bahagia ryeowook day sjofficial,1
haneulluu achullmausa sjofficial dahlah tidak apa-apa penting masih suju hesteknya bahagia birthday ryeowook bahagia ryeowook day sjofficial,1
leomoonade sjofficial anjer keluarin semua yang ada di galeri kamu buruan bahagia birthday ryeowook bahagia ryeowook day sjofficial,1
rt dururusuju ok sekarang ganti ht bahagia birthday ryeowook bahagia ryeowook day sjofficial,1
manis banget sih dedek bahagia birthday ryeowook bahagia ryeowook day sjofficial,1
achullmausa syahraniclouds sjofficial wah saking sering ganti ini jadi salah lapak iya bahagia birthday ryeowook bahagia ryeowook day sjofficial,1
grgr ngakakin siwon ampe lupa ada yang ulang tahun bahagia birthday ryeowook bahagia ryeowook day sjofficial,1
aku anak canva banget bahagia birthday ryeowook bahagia ryeowook day sjofficial,1
suju bahagia birthday ryeowook bahagia ryeowook day sjofficial,1
rt atiygom lapak ulang tahun ryeonggu bahagia birthday ryeowook bahagia ryeowook day sjofficial,1
jangan lupa bntar lagi ulang tahun wookie yaa drop hastag ayo bahagia birthday ryeowook bahagia ryeowook day sjofficial,1
aku pernah baca katanya kalau tweet htnya lebih dari tidak keitung karena bisa dianggap spam please correct me if i'm wrong tapi cari aman saja iya elf bahagia birthday ryeowook bahagia ryeowook day sjofficial,1
rt panggiljaenab pusing ini buat ht tertawa bahagia birthday ryeowook bahagia ryeowook day sjofficial,1
rt aatulolon bahagia birthday baby ryeowook semoga kamu selalu di beri kesehatan kebahagiaan selalu sama tuhan terima kasih sudah lahir ke,1
mantapp masuk trend semua elf bahagia birthday ryeowook bahagia ryeowook day sjofficial,1
bahagia birthday ryeowook si imut yang suaranya melengking tinggi bahagia ryeowook day sjofficial,1
jangan lupa besok ada event ads birthday wookie juga iya gaes bahagia birthday ryeowook bahagia ryeowook day sjofficial,1
bahagia birthday baby ryeowook semoga kamu selalu di beri kesehatan kebahagiaan selalu sama tuhan terima kasih sudah lahir kah dunia dengan suara indah kamu yang selalu menenangkan hati bahagia birthday ryeowook bahagia ryeowook day sjofficial,1
rt nonayaya lapaknya wookie bahagia birthday ryeowook bahagia ryeowook day sjofficial,1
lapak ulang tahun ryeonggu bahagia birthday ryeowook bahagia ryeowook day sjofficial,1
mata harus jeli iya teman-teman bahagia birthday ryeowook bahagia ryeowook day sjofficial,1
drop ht nya buru bahagia birthday ryeowook bahagia ryeowook day sjofficial,1
eorin wangja kita mau ulang tahunn tapi bahkan makin kaya anak kecil bahagia birthday ryeowook bahagia ryeowook day sjofficial,1
bahagia birthday ryeowook semoga selalu bahagia dan diberkahi banyak hal baik sayang wookie bahagia ryeowook day sjofficial,1
hari ini sibuk banget iya elf bahagia birthday ryeowook bahagia ryeowook day sjofficial,1
rt sekaralyaayu gaes gantian dahulu dropnya bahagia birthday ryeowook bahagia ryeowook day sjofficial,1
drop hastag buat ryeowook ayo bahagia birthday ryeowook bahagia ryeowook day sjofficial,1
ryeowook ryeowook dan ryeowook bahagia birthday ryeowook eternal maknae kesayangaan elpeu bahagia ryeowook day sjofficial,1
ok sekarang ganti ht bahagia birthday ryeowook bahagia ryeowook day sjofficial,1
sekaralyaayu lmtedvelfdition sjofficial hari ini sibuk amat yak bahagia birthday ryeowook bahagia ryeowook day sjofficial,1
lapaknya wookie bahagia birthday ryeowook bahagia ryeowook day sjofficial,1
dalgittalgi sjofficial kacau banget elf malam ini dengan perhastagan bahagia birthday ryeowook bahagia ryeowook day sjofficial,1
ayokk sekarang buat wookie bahagia birthday ryeowook bahagia ryeowook day sjofficial,1
pusing ini buat ht tertawa bahagia birthday ryeowook bahagia ryeowook day sjofficial,1
ryeowook ryeowook dan ryeowook bahagia birthday ryeowook bahagia ryeowook day sjofficial,1
ayo drop ht buar uri ryeonggu nya sabilah bahagia birthday ryeowook bahagia ryeowook day sjofficial,1
yokk elf gantian ht nya wookiee bahagia birthday ryeowook bahagia ryeowook day sjofficial,1
gaes gantian dahulu dropnya bahagia birthday ryeowook bahagia ryeowook day sjofficial,1
htnya wookie yookk bahagia birthday ryeowook bahagia ryeowook day sjofficial,1
lapak baru buat birthday wookie bahagia birthday ryeowook bahagia ryeowook day sjofficial,1
sebentar lagi dedek ulang tahun bahagia birthday ryeowook bahagia ryeowook day sjofficial,1
yukk ramein ini juga besok ryeowook birthday bahagia birthday ryeowook sjofficial,1
sehat dan bahagia selalu yaa apapun itu saya selalu dukung bahagia birthday ryeowook bahagia ryeowook day sjofficial,1
kesayangan guee bahagia birthday ryeowook bahagia ryeowook day sjofficial,1
bahagia birthday ryeowook bahagia birthday to mee maaf kecepatan saya mau terkapar setelah kejar deadline,1
rt caelumissky sudah nyampe di tangan akuu wookienya kiyowo sekali cemilannya bikin aku nyesel tidak order lebih terima kasih kakak,1
sudah nyampe di tangan akuu wookienya kiyowo sekali cemilannya bikin aku nyesel tidak order lebih terima kasih kakak achullmausa sudah ngadain event bday nya ryeowook last but not least bahagia birthday ryeowook untuk per untuk dan oleh ryewook day,1
rt ogut_poenya ryeowook birthday event ditunggu kedatangannya iya elpeunya juni kedai kopi mas and resto,1
ryeowook birthday event ditunggu kedatangannya iya elpeunya juni kedai kopi mas and resto ya oleh oleh oleh ke bahagia ryeowook day kopimas untuk per untuk dan oleh sjofficial,1